{"train_score": 23.45, "test_score": 21.8, "_timestamp": 1727720866.1535327, "_runtime": 1525.5429637432098, "_step": 9, "_wandb": {"runtime": 1616}}