{"train_score":22.666666666666668,"_wandb":{"runtime":657},"test_score":2.6,"_timestamp":1.7273328241243818e+09,"_runtime":602.5476466,"_step":9}